{
	"S": {
		"name": "itu7+4",
		"az": [
			[0.5235987756],
			[1.570796327],
			[2.617993878],
			[-2.617993878],
			[-1.570796327],
			[-0.5235987756],
			[0.7853981634],
			[2.35619449],
			[-2.35619449],
			[-0.7853981634]
		],
		"el": [
			[0],
			[0],
			[0],
			[0],
			[0],
			[0],
			[0.7853981634],
			[0.7853981634],
			[0.7853981634],
			[0.7853981634]
		],
		"r": [
			[1],
			[1],
			[1],
			[1],
			[1],
			[1],
			[1],
			[1],
			[1],
			[1]
		],
		"x": [
			[0.8660254038],
			[6.123233996e-17],
			[-0.8660254038],
			[-0.8660254038],
			[6.123233996e-17],
			[0.8660254038],
			[0.5],
			[-0.5],
			[-0.5],
			[0.5]
		],
		"y": [
			[0.5],
			[1],
			[0.5],
			[-0.5],
			[-1],
			[-0.5],
			[0.5],
			[0.5],
			[-0.5],
			[-0.5]
		],
		"z": [
			[0],
			[0],
			[0],
			[0],
			[0],
			[0],
			[0.7071067812],
			[0.7071067812],
			[0.7071067812],
			[0.7071067812]
		],
		"id": [
				"LF",
				"L",
				"LB",
				"RB",
				"R",
				"RF",
				"LFU",
				"LBU",
				"RBU",
				"RFU"
		]
	},
	"C": {
		"h_order": 1,
		"v_order": 1,
		"scheme": "HP",
		"sh_l": [0,1,1,1],
		"sh_m": [0,1,-1,0],
		"sh_cs_phase": [1,1,1,1],
		"norm": [0.7071067812,0.5773502692,0.5773502692,0.5773502692],
		"names": "WXYZ",
		"channels": [1,2,3,4],
		"mask": [1,1,1,1,0,0,0,0,0,0,0,0,0,0,0,0],
		"ordering_rule": "fuma",
		"encoding_convention": "fuma"
	},
	"M": {
		"lf": [
			[0.170235525,0.267115147,0.1260404593,-0.01609174522],
			[0.169187971,-3.676642233e-06,0.2960798284,-0.01752237853],
			[0.1392713723,-0.2120544844,0.1269912006,-0.04545487571],
			[0.170230711,-0.2671128417,-0.1260429294,-0.01609191539],
			[0.1691971845,7.196478554e-07,-0.29609037,-0.01751530107],
			[0.1392731114,0.2120550075,-0.1269965098,-0.04545990442],
			[0.1157574115,0.09372096447,0.1193789028,0.156639068],
			[0.1899486456,-0.1481596828,0.1171187362,0.2702077006],
			[0.1157583142,-0.09371916434,-0.1193848413,0.1566328017],
			[0.1899336806,0.148148218,-0.1171046937,0.270204875]
		],
		"hf": [
			[0.170235525,0.267115147,0.1260404593,-0.01609174522],
			[0.169187971,-3.676642233e-06,0.2960798284,-0.01752237853],
			[0.1392713723,-0.2120544844,0.1269912006,-0.04545487571],
			[0.170230711,-0.2671128417,-0.1260429294,-0.01609191539],
			[0.1691971845,7.196478554e-07,-0.29609037,-0.01751530107],
			[0.1392731114,0.2120550075,-0.1269965098,-0.04545990442],
			[0.1157574115,0.09372096447,0.1193789028,0.156639068],
			[0.1899486456,-0.1481596828,0.1171187362,0.2702077006],
			[0.1157583142,-0.09371916434,-0.1193848413,0.1566328017],
			[0.1899336806,0.148148218,-0.1171046937,0.270204875]
		]
	},
	"D": {
		"decoder_type": 2,
		"freq_bands": 2,
		"hf_gains": [1.414213562,0.8164965809],
		"lf_gains": [1,1],
		"description": "itu7+4_1h1p_allrad_5200_rE_max_2_band",
		"delay_comp": "on",
		"level_comp": "on",
		"xover_freq": 400,
		"xover_ratio": 0,
		"coeff_order": "fuma",
		"coeff_scale": "fuma",
		"input_scale": "fuma",
		"neff_comp": "input",
		"g0_type": "rms",
		"g0": 1.414213562,
		"name": "itu7+4_1h1p_allrad_5200_rE_max",
		"C": {
			"h_order": 1,
			"v_order": 1,
			"scheme": "HP",
			"sh_l": [0,1,1,1],
			"sh_m": [0,1,-1,0],
			"sh_cs_phase": [1,1,1,1],
			"norm": [0.7071067812,0.5773502692,0.5773502692,0.5773502692],
			"names": "WXYZ",
			"channels": [1,2,3,4],
			"mask": [1,1,1,1,0,0,0,0,0,0,0,0,0,0,0,0],
			"ordering_rule": "fuma",
			"encoding_convention": "fuma"
		},
		"S": {
			"name": "itu7+4",
			"az": [
				[0.5235987756],
				[1.570796327],
				[2.617993878],
				[-2.617993878],
				[-1.570796327],
				[-0.5235987756],
				[0.7853981634],
				[2.35619449],
				[-2.35619449],
				[-0.7853981634]
			],
			"el": [
				[0],
				[0],
				[0],
				[0],
				[0],
				[0],
				[0.7853981634],
				[0.7853981634],
				[0.7853981634],
				[0.7853981634]
			],
			"r": [
				[1],
				[1],
				[1],
				[1],
				[1],
				[1],
				[1],
				[1],
				[1],
				[1]
			],
			"x": [
				[0.8660254038],
				[6.123233996e-17],
				[-0.8660254038],
				[-0.8660254038],
				[6.123233996e-17],
				[0.8660254038],
				[0.5],
				[-0.5],
				[-0.5],
				[0.5]
			],
			"y": [
				[0.5],
				[1],
				[0.5],
				[-0.5],
				[-1],
				[-0.5],
				[0.5],
				[0.5],
				[-0.5],
				[-0.5]
			],
			"z": [
				[0],
				[0],
				[0],
				[0],
				[0],
				[0],
				[0.7071067812],
				[0.7071067812],
				[0.7071067812],
				[0.7071067812]
			],
			"id": [
						"LF",
						"L",
						"LB",
						"RB",
						"R",
						"RF",
						"LFU",
						"LBU",
						"RBU",
						"RFU"
			]
		}
	}
}
