{
	"S": {
		"name": "itu70",
		"az": [
			[0.5235987756],
			[0],
			[-0.5235987756],
			[1.570796327],
			[-1.570796327],
			[2.617993878],
			[-2.617993878]
		],
		"el": [
			[0],
			[0],
			[0],
			[0],
			[0],
			[0],
			[0]
		],
		"r": [
			[1],
			[0.8660254038],
			[1],
			[1],
			[1],
			[1],
			[1]
		],
		"x": [
			[0.8660254038],
			[1],
			[0.8660254038],
			[6.123233996e-17],
			[6.123233996e-17],
			[-0.8660254038],
			[-0.8660254038]
		],
		"y": [
			[0.5],
			[0],
			[-0.5],
			[1],
			[-1],
			[0.5],
			[-0.5]
		],
		"z": [
			[0],
			[0],
			[0],
			[0],
			[0],
			[0],
			[0]
		],
		"id": [
				"L",
				"C",
				"R",
				"Ls",
				"Rs",
				"Lb",
				"Rb"
		]
	},
	"C": {
		"h_order": 3,
		"v_order": 3,
		"scheme": "HP",
		"sh_l": [0,1,1,1,2,2,2,2,2,3,3,3,3,3,3,3],
		"sh_m": [0,1,-1,0,0,1,-1,2,-2,0,1,-1,2,-2,3,-3],
		"sh_cs_phase": [1,1,1,1,1,1,1,1,1,1,1,1,1,1,1,1],
		"norm": [0.7071067812,0.5773502692,0.5773502692,0.5773502692,0.4472135955,0.5163977795,0.5163977795,0.5163977795,0.5163977795,0.377964473,0.4482107285,0.4482107285,0.5070925528,0.5070925528,0.4780914437,0.4780914437],
		"names": "WXYZRSTUVKLMNOPQ",
		"channels": [1,2,3,4,5,6,7,8,9,10,11,12,13,14,15,16],
		"mask": [1,1,1,1,1,1,1,1,1,1,1,1,1,1,1,1],
		"ordering_rule": "fuma",
		"encoding_convention": "fuma"
	},
	"M": {
		"lf": [
			[0.1670654812,0.2171092927,0.1869238491,-1.691961825e-05,-0.08258627762,-2.589134464e-05,5.715853872e-06,0.04222166667,0.2636188553,5.585737276e-07,-0.009776852502,-0.007871369834,-2.703245505e-05,3.533808365e-06,-0.1025422935,0.1800708108],
			[0.1094029572,0.1942780602,-2.440565092e-06,4.061375154e-05,-0.0558002112,4.587755786e-05,-1.491710163e-05,0.2008627291,-2.764908258e-06,1.810194797e-05,-0.01117262973,-6.407848733e-06,3.25085437e-05,-2.199626926e-05,0.1882083367,-2.326265726e-06],
			[0.1670575818,0.2171057012,-0.1869297135,-3.326711019e-05,-0.08263309968,-4.421635251e-05,2.033019012e-06,0.04220897162,-0.2636171803,-1.691572445e-05,-0.009789127591,0.007896888435,-3.925815629e-05,9.865453982e-06,-0.1025426119,-0.1800553345],
			[0.2247393871,2.367237094e-06,0.3687099807,-1.065038313e-05,-0.1093742753,2.830161953e-06,-6.355694271e-06,-0.2979704031,2.160968961e-06,-1.453757781e-05,6.099468895e-06,-0.01359559647,-1.548520067e-06,2.967093007e-06,-6.462616309e-07,-0.17193126],
			[0.2247540135,4.339613184e-06,-0.3687137877,1.128750303e-05,-0.1093228017,1.176962102e-05,-6.057824617e-06,-0.2979711193,-5.617617703e-06,5.202071432e-06,-3.064906981e-06,0.01357279912,8.946227244e-06,-1.182693481e-05,-5.07318885e-07,0.1719332235],
			[0.2247515611,-0.3193151103,0.184358026,1.008546836e-05,-0.109327017,-5.047870704e-06,3.635707356e-06,0.1489862772,-0.2580551828,1.633447948e-05,0.0117508385,-0.006785086586,4.495163245e-07,-2.233925974e-06,-9.783857308e-08,0.1719399684],
			[0.2247394663,-0.3193115909,-0.1843644726,-5.408243788e-06,-0.1093944928,6.691484912e-06,-6.591449673e-06,0.1489755049,0.2580520154,-1.302753529e-05,0.01177997384,0.006802358199,-7.177692241e-06,2.7028498e-06,-5.92663195e-07,-0.1719218597]
		],
		"hf": [
			[0.1670654812,0.2171092927,0.1869238491,-1.691961825e-05,-0.08258627762,-2.589134464e-05,5.715853872e-06,0.04222166667,0.2636188553,5.585737276e-07,-0.009776852502,-0.007871369834,-2.703245505e-05,3.533808365e-06,-0.1025422935,0.1800708108],
			[0.1094029572,0.1942780602,-2.440565092e-06,4.061375154e-05,-0.0558002112,4.587755786e-05,-1.491710163e-05,0.2008627291,-2.764908258e-06,1.810194797e-05,-0.01117262973,-6.407848733e-06,3.25085437e-05,-2.199626926e-05,0.1882083367,-2.326265726e-06],
			[0.1670575818,0.2171057012,-0.1869297135,-3.326711019e-05,-0.08263309968,-4.421635251e-05,2.033019012e-06,0.04220897162,-0.2636171803,-1.691572445e-05,-0.009789127591,0.007896888435,-3.925815629e-05,9.865453982e-06,-0.1025426119,-0.1800553345],
			[0.2247393871,2.367237094e-06,0.3687099807,-1.065038313e-05,-0.1093742753,2.830161953e-06,-6.355694271e-06,-0.2979704031,2.160968961e-06,-1.453757781e-05,6.099468895e-06,-0.01359559647,-1.548520067e-06,2.967093007e-06,-6.462616309e-07,-0.17193126],
			[0.2247540135,4.339613184e-06,-0.3687137877,1.128750303e-05,-0.1093228017,1.176962102e-05,-6.057824617e-06,-0.2979711193,-5.617617703e-06,5.202071432e-06,-3.064906981e-06,0.01357279912,8.946227244e-06,-1.182693481e-05,-5.07318885e-07,0.1719332235],
			[0.2247515611,-0.3193151103,0.184358026,1.008546836e-05,-0.109327017,-5.047870704e-06,3.635707356e-06,0.1489862772,-0.2580551828,1.633447948e-05,0.0117508385,-0.006785086586,4.495163245e-07,-2.233925974e-06,-9.783857308e-08,0.1719399684],
			[0.2247394663,-0.3193115909,-0.1843644726,-5.408243788e-06,-0.1093944928,6.691484912e-06,-6.591449673e-06,0.1489755049,0.2580520154,-1.302753529e-05,0.01177997384,0.006802358199,-7.177692241e-06,2.7028498e-06,-5.92663195e-07,-0.1719218597]
		]
	},
	"D": {
		"decoder_type": 2,
		"freq_bands": 2,
		"hf_gains": [1.668184271,1.43653405,1.021485315,0.5083741269],
		"lf_gains": [1,1,1,1],
		"description": "itu70_3h3p_allrad_5200_rE_max_2_band",
		"delay_comp": "on",
		"level_comp": "on",
		"xover_freq": 400,
		"xover_ratio": 0,
		"coeff_order": "fuma",
		"coeff_scale": "fuma",
		"input_scale": "fuma",
		"neff_comp": "output",
		"g0_type": "rms",
		"g0": 1.668184271,
		"name": "itu70_3h3p_allrad_5200_rE_max",
		"C": {
			"h_order": 3,
			"v_order": 3,
			"scheme": "HP",
			"sh_l": [0,1,1,1,2,2,2,2,2,3,3,3,3,3,3,3],
			"sh_m": [0,1,-1,0,0,1,-1,2,-2,0,1,-1,2,-2,3,-3],
			"sh_cs_phase": [1,1,1,1,1,1,1,1,1,1,1,1,1,1,1,1],
			"norm": [0.7071067812,0.5773502692,0.5773502692,0.5773502692,0.4472135955,0.5163977795,0.5163977795,0.5163977795,0.5163977795,0.377964473,0.4482107285,0.4482107285,0.5070925528,0.5070925528,0.4780914437,0.4780914437],
			"names": "WXYZRSTUVKLMNOPQ",
			"channels": [1,2,3,4,5,6,7,8,9,10,11,12,13,14,15,16],
			"mask": [1,1,1,1,1,1,1,1,1,1,1,1,1,1,1,1],
			"ordering_rule": "fuma",
			"encoding_convention": "fuma"
		},
		"S": {
			"name": "itu70",
			"az": [
				[0.5235987756],
				[0],
				[-0.5235987756],
				[1.570796327],
				[-1.570796327],
				[2.617993878],
				[-2.617993878]
			],
			"el": [
				[0],
				[0],
				[0],
				[0],
				[0],
				[0],
				[0]
			],
			"r": [
				[1],
				[0.8660254038],
				[1],
				[1],
				[1],
				[1],
				[1]
			],
			"x": [
				[0.8660254038],
				[1],
				[0.8660254038],
				[6.123233996e-17],
				[6.123233996e-17],
				[-0.8660254038],
				[-0.8660254038]
			],
			"y": [
				[0.5],
				[0],
				[-0.5],
				[1],
				[-1],
				[0.5],
				[-0.5]
			],
			"z": [
				[0],
				[0],
				[0],
				[0],
				[0],
				[0],
				[0]
			],
			"id": [
						"L",
						"C",
						"R",
						"Ls",
						"Rs",
						"Lb",
						"Rb"
			]
		}
	}
}
