{
	"S": {
		"coord_code": "AER",
		"unit_code": "RRM",
		"origin_xyz": [
			[0],
			[0],
			[0]
		],
		"name": "atk_205",
		"A": [
			[-2.449293598e-16,0,1.5],
			[-0.5235987756,0,1.5],
			[-1.047197551,0,1.5],
			[-1.570796327,0,1.5],
			[-2.094395102,0,1.5],
			[-2.617993878,0,1.5],
			[3.141592654,0,1.5],
			[2.617993878,0,1.5],
			[2.094395102,0,1.5],
			[1.570796327,0,1.5],
			[1.047197551,0,1.5],
			[0.5235987756,0,1.5],
			[0.685914396,0.401425728,1.5],
			[-0.6387905062,0.7435102613,1.5],
			[-1.425933999,0.401425728,1.5],
			[-2.719222975,0.7435102613,1.5],
			[2.780309498,0.401425728,1.5],
			[1.46956723,0.7435102613,1.5],
			[0,1.570796327,1.5]
		],
		"az": [
			[-2.449293598e-16],
			[-0.5235987756],
			[-1.047197551],
			[-1.570796327],
			[-2.094395102],
			[-2.617993878],
			[-3.141592654],
			[2.617993878],
			[2.094395102],
			[1.570796327],
			[1.047197551],
			[0.5235987756],
			[0.685914396],
			[-0.6387905062],
			[-1.425933999],
			[-2.719222975],
			[2.780309498],
			[1.46956723],
			[-3.141592654]
		],
		"el": [
			[0],
			[0],
			[0],
			[0],
			[0],
			[0],
			[0],
			[0],
			[0],
			[0],
			[0],
			[0],
			[0.401425728],
			[0.7435102613],
			[0.401425728],
			[0.7435102613],
			[0.401425728],
			[0.7435102613],
			[1.570796327]
		],
		"r": [
			[1.5],
			[1.5],
			[1.5],
			[1.5],
			[1.5],
			[1.5],
			[1.5],
			[1.5],
			[1.5],
			[1.5],
			[1.5],
			[1.5],
			[1.5],
			[1.5],
			[1.5],
			[1.5],
			[1.5],
			[1.5],
			[1.5]
		],
		"x": [
			[1],
			[0.8660254038],
			[0.5],
			[-3.491481339e-15],
			[-0.5],
			[-0.8660254038],
			[-1],
			[-0.8660254038],
			[-0.5],
			[-3.491481339e-15],
			[0.5],
			[0.8660254038],
			[0.7123236688],
			[0.590951605],
			[0.1328805836],
			[-0.6714089606],
			[-0.8610807705],
			[0.07438724599],
			[-3.391901414e-15]
		],
		"y": [
			[-2.449293598e-16],
			[-0.5],
			[-0.8660254038],
			[-1],
			[-0.8660254038],
			[-0.5],
			[-6.783802828e-15],
			[0.5],
			[0.8660254038],
			[1],
			[0.8660254038],
			[0.5],
			[0.5830301673],
			[-0.4388793937],
			[-0.9108632915],
			[-0.3017431512],
			[0.3253753093],
			[0.7323287918],
			[-4.153881209e-31]
		],
		"z": [
			[0],
			[0],
			[0],
			[0],
			[0],
			[0],
			[0],
			[0],
			[0],
			[0],
			[0],
			[0],
			[0.3907311285],
			[0.6768759697],
			[0.3907311285],
			[0.6768759697],
			[0.3907311285],
			[0.6768759697],
			[1]
		],
		"id": [
				"S01",
				"S02",
				"S03",
				"S04",
				"S05",
				"S06",
				"S07",
				"S08",
				"S09",
				"S10",
				"S11",
				"S12",
				"S13",
				"S14",
				"S15",
				"S16",
				"S17",
				"S18",
				"S19"
		]
	},
	"C": {
		"h_order": 3,
		"v_order": 3,
		"sh_l": [0,1,1,1,2,2,2,2,2,3,3,3,3,3,3,3],
		"sh_m": [0,-1,0,1,-2,-1,0,1,2,-3,-2,-1,0,1,2,3],
		"sh_cs_phase": [1,1,1,1,1,1,1,1,1,1,1,1,1,1,1,1],
		"scheme": "HV",
		"norm": [1,1,1,1,1,1,1,1,1,1,1,1,1,1,1,1],
		"ordering_rule": "acn",
		"encoding_convention": "N3D",
		"index": [0,1,2,3,4,5,6,7,8,9,10,11,12,13,14,15],
		"names": [
				"W",
				"Y",
				"Z",
				"X",
				"V",
				"T",
				"R",
				"S",
				"U",
				"Q",
				"O",
				"M",
				"K",
				"L",
				"N",
				"P"
		],
		"channels": [1,2,3,4,5,6,7,8,9,10,11,12,13,14,15,16],
		"mask": [1,1,1,1,1,1,1,1,1,1,1,1,1,1,1,1]
	},
	"M": {
		"lf": [
			[0.06661299248,-0.0005060343245,-0.01524928086,0.1006866095,-0.0008364049953,-0.0009502057735,-0.03539082897,-0.02121941907,0.09492248838,-0.001021782634,-0.001958783066,-0.000687290327,0.001075269875,-0.02676469981,-0.01852458396,0.08240548784],
			[0.05448753823,-0.04164490195,-0.02220606987,0.07091558746,-0.06896703864,0.01693778321,-0.02714771809,-0.03014141357,0.03838494802,-0.07113983266,0.02722559222,0.01038591019,0.01241135703,-0.01744281112,-0.01681990858,-0.001794159883],
			[0.05882516936,-0.07642704336,-0.01990557705,0.04560118128,-0.07495688187,0.02653543431,-0.03032984903,-0.01408331224,-0.04039122457,-0.003433098095,0.02228359469,0.01993887672,0.008450200379,-0.01181364048,0.01568012074,-0.0760005199],
			[0.04700867796,-0.07017060415,-0.02601798071,0.0004798220805,-0.001022999151,0.04239487007,-0.02133041952,0.0001736872905,-0.06676184399,0.05972718989,-0.0004363854489,0.01458804656,0.01919816863,-0.0003796068775,0.0412676443,-0.001545302244],
			[0.06609158826,-0.08625408894,-0.01559363163,-0.05045211345,0.08217198419,0.01939840002,-0.03508119491,0.01008887989,-0.04633810726,-0.001178735553,-0.0155317181,0.0233472911,0.001578894972,0.01275781837,0.01127980204,0.08209187497],
			[0.05448965272,-0.04065394411,-0.02219873376,-0.07149675039,0.06780764003,0.01758583877,-0.0271553763,0.02975333889,0.04042365138,-0.07116474298,-0.02810600332,0.009942376834,0.01241027271,0.01770753104,-0.01525906405,-0.001593852185],
			[0.05865781859,-0.001451048962,-0.01999345295,-0.08871765663,0.002842486895,-0.001180698277,-0.03020290595,0.03020792242,0.08483061818,-0.003908563992,0.002690724987,0.0003408410756,0.008600234923,0.02304988319,-0.02736780932,-0.07573240393],
			[0.04702881283,0.03463213305,-0.02602482936,-0.0610549958,-0.05725575537,-0.02136598155,-0.02132638233,0.03661280465,0.0343755099,0.05972236452,0.03597766632,-0.006921248009,0.01917822066,0.01284732034,-0.0202070618,-0.001723601935],
			[0.06642899588,0.08717846584,-0.01535446591,-0.0498672428,-0.08172236477,-0.0181262855,-0.03530946062,0.01145239839,-0.04793012667,-0.0007877738503,0.01707099274,-0.02279578347,0.00126937387,0.0139716269,0.007822442178,0.08232639848],
			[0.05449859727,0.08224471848,-0.02222315519,0.0005331929737,0.001091392344,-0.0345769492,-0.02713470325,0.0003594429118,-0.07893021383,-0.0711562686,0.0008481044687,-0.02030438241,0.01239084622,-0.0002458929262,0.03198175452,-0.001580197845],
			[0.05866882545,0.07757362825,-0.0199780632,0.04311759722,0.07206541501,-0.0255583131,-0.03022045689,-0.01611538299,-0.04487814835,-0.003896652003,-0.02502876528,-0.02013427878,0.008604040913,-0.01123350975,0.01135376318,-0.07574471085],
			[0.04703327037,0.03556064744,-0.02601381727,0.06053283239,0.05840312153,-0.02101985674,-0.02134617795,-0.03679583003,0.03241446561,0.05973216556,-0.03548167103,-0.007673480309,0.01917364379,-0.01244874343,-0.02104704454,-0.001705746273],
			[0.06605558696,0.04155321736,0.0626533608,0.0723415721,0.05505196704,0.04477660552,0.004730554122,0.07999919763,0.03057655617,0.04179720983,0.06313553251,0.01573038551,-0.0333078041,0.03194165655,0.03656323702,-0.002722117686],
			[0.07306885685,-0.03825339816,0.0739219914,0.07818476545,-0.04627530522,-0.04457360268,0.01370806772,0.09347137426,0.03397514439,-0.02921231341,-0.05824157914,-0.02098959718,-0.0335733731,0.04768919642,0.04472765332,0.002415364747],
			[0.06534757876,-0.0827676514,0.06183831361,-0.0005823033053,-0.0003662064276,-0.09077066319,0.004382914156,-0.00164351125,-0.06281086267,0.04203545026,0.0009104171866,-0.03487867495,-0.03315111456,-0.002460471325,-0.07274236005,-0.001950243124],
			[0.07196062038,-0.04825259546,0.0726676178,-0.0713012096,0.05273812716,-0.05816654284,0.01321747374,-0.08411349543,0.02271051984,-0.02977254925,0.06807595563,-0.03036984311,-0.03326869736,-0.04119058941,0.02756842533,0.002992717735],
			[0.06572914059,0.04152683063,0.06225974073,-0.07202580056,-0.05381669125,0.04638919172,0.004535655458,-0.07859298605,0.0325898724,0.04187151117,-0.06293974561,0.01939569362,-0.03325734082,-0.02945986693,0.03673060286,-0.002901016295],
			[0.07250440195,0.08628565631,0.07329510674,-0.006631889849,-0.007196351807,0.1024990195,0.01348547362,-0.008993613908,-0.0569293811,-0.0294332483,-0.01091477272,0.05128890295,-0.03339369329,-0.006185433665,-0.07259457326,0.003167515396],
			[0.09908184927,-7.623742897e-05,0.1484288008,-0.0002120450195,0.0001953799378,-0.0001282458815,0.1413444169,-0.0003536715577,-0.0001139514766,0.008855926818,0.0003711854602,-0.0001341232393,0.1012761184,-0.0003627928396,-0.0002127496367,-0.004363612761]
		],