{
	"S": {
		"coord_code": "AER",
		"unit_code": "DDM",
		"origin_xyz": [
			[0],
			[0],
			[0]
		],
		"name": "gistfile1",
		"A": [
			[29.88,23.58,2.825],
			[-29.88,23.58,2.825],
			[-59.93,20.62,2.698],
			[-120.07,20.62,2.698],
			[-150.12,23.58,2.825],
			[150.12,23.58,2.825],
			[120.07,20.62,2.698],
			[59.93,20.62,2.698],
			[29.88,-20.15,2.758],
			[-29.88,-20.15,2.758],
			[-59.93,-20.62,2.698],
			[-120.07,-20.62,2.698],
			[-150.12,-20.15,2.758],
			[150.12,-20.15,2.758],
			[120.07,-20.62,2.698],
			[59.93,-20.62,2.698]
		],
		"az": [
			[0.5215043805],
			[-0.5215043805],
			[-1.045975821],
			[-2.095616833],
			[-2.620088273],
			[2.620088273],
			[2.095616833],
			[1.045975821],
			[0.5215043805],
			[-0.5215043805],
			[-1.045975821],
			[-2.095616833],
			[-2.620088273],
			[2.620088273],
			[2.095616833],
			[1.045975821]
		],
		"el": [
			[0.4115486376],
			[0.4115486376],
			[0.3598868918],
			[0.3598868918],
			[0.4115486376],
			[0.4115486376],
			[0.3598868918],
			[0.3598868918],
			[-0.3516838443],
			[-0.3516838443],
			[-0.3598868918],
			[-0.3598868918],
			[-0.3516838443],
			[-0.3516838443],
			[-0.3598868918],
			[-0.3598868918]
		],
		"r": [
			[2.825],
			[2.825],
			[2.698],
			[2.698],
			[2.825],
			[2.825],
			[2.698],
			[2.698],
			[2.758],
			[2.758],
			[2.698],
			[2.698],
			[2.758],
			[2.758],
			[2.698],
			[2.698]
		],
		"x": [
			[0.7946723976],
			[0.7946723976],
			[0.4689582493],
			[-0.4689582493],
			[-0.7946723976],
			[-0.7946723976],
			[-0.4689582493],
			[0.4689582493],
			[0.8140007674],
			[0.8140007674],
			[0.4689582493],
			[-0.4689582493],
			[-0.8140007674],
			[-0.8140007674],
			[-0.4689582493],
			[0.4689582493]
		],
		"y": [
			[0.4565878556],
			[-0.4565878556],
			[-0.8099725904],
			[-0.8099725904],
			[-0.4565878556],
			[0.4565878556],
			[0.8099725904],
			[0.8099725904],
			[0.4676931852],
			[-0.4676931852],
			[-0.8099725904],
			[-0.8099725904],
			[-0.4676931852],
			[0.4676931852],
			[0.8099725904],
			[0.8099725904]
		],
		"z": [
			[0.4000291372],
			[0.4000291372],
			[0.3521683734],
			[0.3521683734],
			[0.4000291372],
			[0.4000291372],
			[0.3521683734],
			[0.3521683734],
			[-0.344479078],
			[-0.344479078],
			[-0.3521683734],
			[-0.3521683734],
			[-0.344479078],
			[-0.344479078],
			[-0.3521683734],
			[-0.3521683734]
		],
		"id": [
			[
				"S01",
				"S02",
				"S03",
				"S04",
				"S05",
				"S06",
				"S07",
				"S08",
				"S09",
				"S10",
				"S11",
				"S12",
				"S13",
				"S14",
				"S15",
				"S16"
			]
		]
	},
	"C": {
		"h_order": 3,
		"v_order": 3,
		"sh_l": [0,1,1,1,2,2,2,2,2,3,3,3,3,3,3,3],
		"sh_m": [0,-1,0,1,-2,-1,0,1,2,-3,-2,-1,0,1,2,3],
		"sh_cs_phase": [1,1,1,1,1,1,1,1,1,1,1,1,1,1,1,1],
		"scheme": "HV",
		"norm": [1,0.5773502692,0.5773502692,0.5773502692,0.4472135955,0.4472135955,0.4472135955,0.4472135955,0.4472135955,0.377964473,0.377964473,0.377964473,0.377964473,0.377964473,0.377964473,0.377964473],
		"ordering_rule": "acn",
		"encoding_convention": "SN3D",
		"index": [0,1,2,3,4,5,6,7,8,9,10,11,12,13,14,15],
		"names": [
			"W",
			"Y",
			"Z",
			"X",
			"V",
			"T",
			"R",
			"S",
			"U",
			"Q",
			"O",
			"M",
			"K",
			"L",
			"N",
			"P"
		],
		"channels": [1,2,3,4,5,6,7,8,9,10,11,12,13,14,15,16],
		"mask": [1,1,1,1,1,1,1,1,1,1,1,1,1,1,1,1]
	},
	"M": {
		"lf": [
			[0.05776518076,0.0487993019,0.0841548628,0.1258280682,0.1004313873,0.05698400478,-0.01239453776,0.1581013445,0.1053219739,0.1224226776,0.1131002142,0.01036516431,-0.08190079213,0.04694871665,0.1322036741,0.04946333362],
			[0.07580878091,-0.04810866735,0.08530408734,0.1777205093,-0.0986039475,-0.05605828161,-0.05312684813,0.1612077971,0.1734949708,-0.1193267271,-0.1104151013,-0.01092832764,-0.08523564959,-0.01543234972,0.1366562569,0.1245197494],
			[0.08411018174,-0.1958914586,0.08309940787,0.0650957953,-0.1325571204,-0.1567315055,-0.07523834435,0.05556111776,-0.1757847986,0.0985934496,-0.1092447098,0.04294343382,-0.08330697121,-0.01137074341,-0.1314568917,-0.1495993993],
			[0.06713554067,-0.1469873079,0.0836494072,-0.0657788779,0.1344009428,-0.1581500978,-0.03642324089,-0.05636284436,-0.1114924786,0.02781405277,0.1115778903,-0.01707370228,-0.0849250808,0.01209257105,-0.1332726958,0.1527867036],
			[0.05774913459,-0.04879945859,0.08410757197,-0.1258135341,0.1004423103,-0.0569751679,-0.01245106533,-0.1580505165,0.1053252509,-0.1224470918,0.1131028328,-0.01034407967,-0.08194106943,-0.04688252091,0.1321830683,-0.04947937285],
			[0.07581485599,0.04810536488,0.08531128792,-0.1777312103,-0.09860722755,0.05604566015,-0.053106819,-0.1612080102,0.1735117453,0.1193428585,-0.1104057373,0.01090860985,-0.08519208887,0.01540726273,0.1366611702,-0.1245387568],
			[0.08410706317,0.1958983312,0.08308661499,-0.06507926907,-0.1325470316,0.1567257449,-0.07524767214,-0.05552447878,-0.1758163787,-0.09863915707,-0.1092053933,-0.04294043509,-0.0833043158,0.01141248029,-0.1314732885,0.1496198215],
			[0.06713799255,0.1470054519,0.083616796,0.06578899732,0.1344180723,0.1581245793,-0.03649367029,0.05633258488,-0.1114943309,-0.02778983803,0.1115395452,0.01700524139,-0.08496415715,-0.01213971869,-0.1332792888,-0.152779199],
			[0.08640744203,0.0665401631,-0.08016421487,0.2025172801,0.1364843401,-0.05377517628,-0.08102520301,-0.1501228708,0.1837248458,0.1558370243,-0.1056234644,-0.01391272546,0.07665244103,-0.05098222656,-0.1247884866,0.1055218844],
			[0.06879489986,-0.06725594043,-0.08243278127,0.1519192915,-0.1384260534,0.05460125681,-0.04150738355,-0.1562225178,0.1172894991,-0.1592176225,0.1080034992,0.01475154382,0.08352395377,0.009353696594,-0.1330553233,0.03239904706],
			[0.05967450103,-0.1316443672,-0.08369675278,0.05015969616,-0.1038311563,0.1584805315,-0.01943282176,-0.05645029176,-0.1120346116,0.05491332336,0.1121437948,-0.036014325,0.08559895246,0.007192850098,0.1338000732,-0.1270831077],
			[0.07664429159,-0.1805336908,-0.08316505248,-0.0494544528,0.1019475984,0.157082762,-0.05819621111,0.05566087441,-0.1763337908,0.1257366215,-0.1098371568,0.02393229414,0.08396271768,-0.007941369683,0.1319870892,0.1238716447],
			[0.08640767339,-0.0665382389,-0.08015473758,-0.2025259663,0.1364761277,0.05378281762,-0.08104666885,0.1501248877,0.1837310188,-0.1558217014,-0.1056307782,0.01389998662,0.07669140061,0.05097365022,-0.1247784691,-0.1055258839],
			[0.06881450824,0.06728760252,-0.08247494171,-0.1519277634,-0.1384650364,-0.05463253676,-0.04145745928,0.1562352623,0.1172589073,0.159221409,0.1080384839,-0.0147364005,0.0834471096,-0.009365735934,-0.133040405,-0.03234359652],
			[0.05966473329,0.1316383986,-0.08366926003,-0.05015902506,-0.103821061,-0.1584727273,-0.01948946549,0.05645763987,-0.1120216452,-0.05489945507,0.1121633102,0.03597914641,0.08568648848,-0.007183281901,0.1337841732,0.1270450303],
			[0.07665835575,0.1805682971,-0.08317191893,0.04945646498,0.1019621187,-0.1570941059,-0.05820694758,-0.05563311683,-0.1763681438,-0.1257545475,-0.1097878803,-0.02393538895,0.08395026376,0.007922089584,0.1319993802,-0.1239008155]
		],