{
	"S": {
		"name": "ENV",
		"az": [
			[0.390646123],
			[-0.390646123],
			[1.084528142],
			[-1.084528142],
			[2.057064511],
			[-2.057064511],
			[2.750946531],
			[-2.750946531],
			[0.390646123],
			[-0.390646123],
			[1.084528142],
			[-1.084528142],
			[2.057064511],
			[-2.057064511],
			[2.750946531],
			[-2.750946531],
			[0.390646123],
			[-0.390646123],
			[1.084528142],
			[-1.084528142],
			[2.057064511],
			[-2.057064511],
			[2.750946531],
			[-2.750946531],
			[0],
			[3.141592654],
			[1.570796327],
			[-1.570796327]
		],
		"el": [
			[0],
			[0],
			[0],
			[0],
			[0],
			[0],
			[0],
			[0],
			[0.3448755449],
			[0.3448755449],
			[0.4682515987],
			[0.4682515987],
			[0.4682515987],
			[0.4682515987],
			[0.3448755449],
			[0.3448755449],
			[-0.3448755449],
			[-0.3448755449],
			[-0.4682515987],
			[-0.4682515987],
			[-0.4682515987],
			[-0.4682515987],
			[-0.3448755449],
			[-0.3448755449],
			[0.819821646],
			[0.819821646],
			[1.1677604],
			[1.1677604]
		],
		"r": [
			[4.242383521],
			[4.242383521],
			[3.013237446],
			[3.013237446],
			[3.013237446],
			[3.013237446],
			[4.242383521],
			[4.242383521],
			[4.507814763],
			[4.507814763],
			[3.376710812],
			[3.376710812],
			[3.376710812],
			[3.376710812],
			[4.507814763],
			[4.507814763],
			[4.507814763],
			[4.507814763],
			[3.376710812],
			[3.376710812],
			[3.376710812],
			[3.376710812],
			[4.507814763],
			[4.507814763],
			[3.256373991],
			[3.256373991],
			[2.587839956],
			[2.587839956]
		],
		"x": [
			[0.9246632183],
			[0.9246632183],
			[0.4673299152],
			[0.4673299152],
			[-0.4673299152],
			[-0.4673299152],
			[-0.9246632183],
			[-0.9246632183],
			[0.8702167693],
			[0.8702167693],
			[0.4170259399],
			[0.4170259399],
			[-0.4170259399],
			[-0.4170259399],
			[-0.8702167693],
			[-0.8702167693],
			[0.8702167693],
			[0.8702167693],
			[0.4170259399],
			[0.4170259399],
			[-0.4170259399],
			[-0.4170259399],
			[-0.8702167693],
			[-0.8702167693],
			[0.6823515992],
			[-0.6823515992],
			[2.401610857e-17],
			[2.401610857e-17]
		],
		"y": [
			[0.3807859407],
			[-0.3807859407],
			[0.8840829997],
			[-0.8840829997],
			[0.8840829997],
			[-0.8840829997],
			[0.3807859407],
			[-0.3807859407],
			[0.3583643261],
			[-0.3583643261],
			[0.7889192023],
			[-0.7889192023],
			[0.7889192023],
			[-0.7889192023],
			[0.3583643261],
			[-0.3583643261],
			[0.3583643261],
			[-0.3583643261],
			[0.7889192023],
			[-0.7889192023],
			[0.7889192023],
			[-0.7889192023],
			[0.3583643261],
			[-0.3583643261],
			[0],
			[8.356397018e-17],
			[0.3922128173],
			[-0.3922128173]
		],
		"z": [
			[0],
			[0],
			[0],
			[0],
			[0],
			[0],
			[0],
			[0],
			[0.338079553],
			[0.338079553],
			[0.4513267748],
			[0.4513267748],
			[0.4513267748],
			[0.4513267748],
			[0.338079553],
			[0.338079553],
			[-0.338079553],
			[-0.338079553],
			[-0.4513267748],
			[-0.4513267748],
			[-0.4513267748],
			[-0.4513267748],
			[-0.338079553],
			[-0.338079553],
			[0.7310241412],
			[0.7310241412],
			[0.9198745055],
			[0.9198745055]
		],
		"id": [
			"L1.M",
			"R1.M",
			"L2.M",
			"R2.M",
			"L3.M",
			"R3.M",
			"L4.M",
			"R4.M",
			"L1.U",
			"R1.U",
			"L2.U",
			"R2.U",
			"L3.U",
			"R3.U",
			"L4.U",
			"R4.U",
			"L1.D",
			"R1.D",
			"L2.D",
			"R2.D",
			"L3.D",
			"R3.D",
			"L4.D",
			"R4.D",
			"F.T",
			"B.T",
			"L.T",
			"R.T"
		]
	},
	"C": {
		"h_order": 3,
		"v_order": 3,
		"sh_l": [0,1,1,1,2,2,2,2,2,3,3,3,3,3,3,3],
		"sh_m": [0,-1,0,1,-2,-1,0,1,2,-3,-2,-1,0,1,2,3],
		"sh_cs_phase": [1,1,1,1,1,1,1,1,1,1,1,1,1,1,1,1],
		"scheme": "HV",
		"norm": [1,0.5773502692,0.5773502692,0.5773502692,0.4472135955,0.4472135955,0.4472135955,0.4472135955,0.4472135955,0.377964473,0.377964473,0.377964473,0.377964473,0.377964473,0.377964473,0.377964473],
		"ordering_rule": "acn",
		"encoding_convention": "SN3D",
		"index": [0,1,2,3,4,5,6,7,8,9,10,11,12,13,14,15],
		"names": [
			"W",
			"Y",
			"Z",
			"X",
			"V",
			"T",
			"R",
			"S",
			"U",
			"Q",
			"O",
			"M",
			"K",
			"L",
			"N",
			"P"
		],
		"channels": [1,2,3,4,5,6,7,8,9,10,11,12,13,14,15,16],
		"mask": [1,1,1,1,1,1,1,1,1,1,1,1,1,1,1,1]
	},