{
	"S": {
		"coord_code": "YXZ",
		"unit_code": "iii",
		"origin_xyz": [0,-86,62],
		"name": "S_Katz_914",
		"A": [
			[0,86,10],
			[60,86,-10],
			[-60,86,-10],
			[62,40,14],
			[-56,40,14],
			[62,0,14],
			[-56,0,14],
			[62,-43,14],
			[-56,-43,14],
			[60,48,58],
			[-60,48,58],
			[60,-40,58],
			[-60,-40,58]
		],
		"az": [
			[0],
			[0.6091634657],
			[-0.6091634657],
			[0.9978301839],
			[-0.9505468408],
			[1.570796327],
			[-1.570796327],
			[2.177179213],
			[-2.225628395],
			[0.8960553846],
			[-0.8960553846],
			[2.15879893],
			[-2.15879893]
		],
		"el": [
			[0.1157592177],
			[-0.09507608084],
			[-0.09507608084],
			[0.1875152449],
			[0.2006946848],
			[0.2220819019],
			[0.2449786631],
			[0.1834620613],
			[0.1957484357],
			[0.6465914232],
			[0.6465914232],
			[0.67736668],
			[0.67736668]
		],
		"r": [
			[2.19911786],
			[2.675573838],
			[2.675573838],
			[1.907538309],
			[1.783796266],
			[1.614449256],
			[1.46617636],
			[1.949191432],
			[1.828270757],
			[2.44526949],
			[2.44526949],
			[2.350563813],
			[2.350563813]
		],
		"x": [
			[0.9933073803],
			[0.8164229928],
			[0.8164229928],
			[0.5326236413],
			[0.5695717718],
			[5.972853505e-17],
			[5.940409538e-17],
			[-0.560334907],
			[-0.5973951046],
			[0.4985953511],
			[0.4985953511],
			[-0.4322367231],
			[-0.4322367231]
		],
		"y": [
			[0],
			[0.5695974369],
			[-0.5695974369],
			[0.825566644],
			[-0.7974004805],
			[0.9754410021],
			[-0.9701425001],
			[0.8079247496],
			[-0.7780029269],
			[0.6232441889],
			[-0.6232441889],
			[0.6483550846],
			[-0.6483550846]
		],
		"z": [
			[0.1155008582],
			[-0.09493290614],
			[-0.09493290614],
			[0.1864182745],
			[0.1993501201],
			[0.2202608714],
			[0.242535625],
			[0.1824346209],
			[0.1945007317],
			[0.6024693826],
			[0.6024693826],
			[0.6267432485],
			[0.6267432485]
		],
		"id": [
				"3",
				"1",
				"2",
				"5",
				"6",
				"9",
				"10",
				"7",
				"8",
				"11",
				"12",
				"13",
				"14"
		]
	},
	"C": {
		"h_order": 3,
		"v_order": 1,
		"sh_l": [0,1,1,1,2,2,3,3],
		"sh_m": [0,-1,0,1,-2,2,-3,3],
		"sh_cs_phase": [1,1,1,1,1,1,1,1],
		"scheme": "HP",
		"norm": [1,0.5773502692,0.5773502692,0.5773502692,0.4472135955,0.4472135955,0.377964473,0.377964473],
		"ordering_rule": "acn",
		"encoding_convention": "SN3D",
		"index": [0,1,2,3,4,5,6,7,8,9,10,11,12,13,14,15],
		"names": [
				"W",
				"Y",
				"Z",
				"X",
				"V",
				"U",
				"Q",
				"P"
		],
		"channels": [1,2,3,4,5,9,10,16],
		"mask": [1,1,1,1,1,0,0,0,1,1,0,0,0,0,0,1]
	},
	"M": {
		"lf": [
			[0.04739844819,4.969396071e-07,0.04156978646,0.125694638,4.175719721e-06,0.1441847508,1.093973824e-05,0.1298061333],
			[0.1019601715,0.1260858075,-0.09783420087,0.2074908804,0.2113643128,0.1031826811,0.1608812791,-0.02778164559],
			[0.1018375932,-0.126004005,-0.09769754939,0.2071339247,-0.2108268242,0.1026800598,-0.1596722852,-0.0276129998],
			[0.01197077605,0.02905139124,0.008811403099,0.01784223852,0.04066425726,-0.02045037027,0.004882477278,-0.05214201186],
			[0.01174414257,-0.02821206852,0.009011006445,0.01779512305,-0.04016392691,-0.01897334968,-0.006694625041,-0.0505539988],
			[0.09198843027,0.2327463698,-0.03816677943,0.02168467002,0.04654994918,-0.2602054439,-0.2325049626,-0.05836267159],
			[0.09553548111,-0.2413562007,-0.03811791431,0.01994847179,-0.04250671233,-0.2676989812,0.2348488086,-0.0523568307],
			[0.1511781377,0.1605914431,-0.07247496143,-0.3078515978,-0.2398904816,0.1438220249,0.1160489526,0.0432138169],
			[0.1738126314,-0.1514536624,-0.03967138409,-0.3600911174,0.2256206823,0.1924319192,-0.1070546438,0.01715596482],
			[0.08968472696,0.1069535982,0.1677152724,0.1274970983,0.1152558893,0.01897755873,0.0497367094,-0.02791986893],
			[0.0886182142,-0.1042890691,0.1667160166,0.1263184149,-0.1125708715,0.02128414599,-0.050516176,-0.02448657285],
			[0.08856660245,0.08772697227,0.1790967271,-0.1113929071,-0.05917583295,-0.0003034934386,-0.01959090858,0.02730110574],
			[0.06449984058,-0.08695549756,0.1390501605,-0.05934020515,0.05980583649,-0.04170535187,0.01653799377,0.04743804457]
		],
		"hf": [
			[0.04739844819,4.969396071e-07,0.04156978646,0.125694638,4.175719721e-06,0.1441847508,1.093973824e-05,0.1298061333],
			[0.1019601715,0.1260858075,-0.09783420087,0.2074908804,0.2113643128,0.1031826811,0.1608812791,-0.02778164559],
			[0.1018375932,-0.126004005,-0.09769754939,0.2071339247,-0.2108268242,0.1026800598,-0.1596722852,-0.0276129998],
			[0.01197077605,0.02905139124,0.008811403099,0.01784223852,0.04066425726,-0.02045037027,0.004882477278,-0.05214201186],
			[0.01174414257,-0.02821206852,0.009011006445,0.01779512305,-0.04016392691,-0.01897334968,-0.006694625041,-0.0505539988],
			[0.09198843027,0.2327463698,-0.03816677943,0.02168467002,0.04654994918,-0.2602054439,-0.2325049626,-0.05836267159],
			[0.09553548111,-0.2413562007,-0.03811791431,0.01994847179,-0.04250671233,-0.2676989812,0.2348488086,-0.0523568307],
			[0.1511781377,0.1605914431,-0.07247496143,-0.3078515978,-0.2398904816,0.1438220249,0.1160489526,0.0432138169],
			[0.1738126314,-0.1514536624,-0.03967138409,-0.3600911174,0.2256206823,0.1924319192,-0.1070546438,0.01715596482],
			[0.08968472696,0.1069535982,0.1677152724,0.1274970983,0.1152558893,0.01897755873,0.0497367094,-0.02791986893],
			[0.0886182142,-0.1042890691,0.1667160166,0.1263184149,-0.1125708715,0.02128414599,-0.050516176,-0.02448657285],
			[0.08856660245,0.08772697227,0.1790967271,-0.1113929071,-0.05917583295,-0.0003034934386,-0.01959090858,0.02730110574],
			[0.06449984058,-0.08695549756,0.1390501605,-0.05934020515,0.05980583649,-0.04170535187,0.01653799377,0.04743804457]
		]
	},
	"D": {
		"decoder_type": 2,
		"freq_bands": 2,
		"hf_gains": [1.386698221,1.194136191,0.8491219424,0.4225921018],
		"lf_gains": [1,1,1,1],
		"description": "S_Katz_914_3h1p_allrad_5200_rE_max_2_band",
		"delay_comp": "on",
		"level_comp": "on",
		"xover_freq": 400,
		"xover_ratio": 0,
		"coeff_order": "acn",
		"coeff_scale": "SN3D",
		"input_scale": "SN3D",
		"neff_comp": "output",
		"g0_type": "rms",
		"g0": 1.386698221,
		"name": "S_Katz_914_3h1p_allrad_5200_rE_max"
	}
}
